"","analytes","value_Min","value_Q25","value_Median","value_Q75","value_Max","value_Mean","value_StdDev","value_count"
"1","PCB 74 Results_SN",0.6140988718761,19.2101136550772,34.276180644047,58.5936795219188,334.744379814082,49.3629098185166,51.9999550307915,162
"2","PCB-101 Results_SN",0,211.67211407635,341.974334211444,617.402423245763,4026.73750044743,575.547688510476,674.010139533086,162
"3","PCB-105 Results_SN",0,6.86555117318201,9.17683995650599,12.258809080972,40.1217568139963,10.1919532265854,6.03415291930636,162
"4","PCB-118 Results_SN",0,40.3457876232236,50.1258370566269,67.8725256016846,218.801185860371,57.4160175915029,34.9579807318909,162
"5","PCB-138 Results_SN",0,17.3746117753135,27.1620303264011,44.2954170840699,169.969647252878,36.1540193271026,29.8131669099857,162
"6","PCB-153 Results_SN",0,21.3885809277439,29.7855276359711,50.2395668312303,185.226255821606,39.4317307605847,28.8162663762034,162
"7","PCB-187 Results_SN",0,4.33648598587271,6.04086821500096,7.74161291241185,103.52353855253,6.95944011817162,8.27528259130176,162
